Geographical area,Industry,Race/ Ethnicity,Year,Employees
Maryland,Support Activities for Water Transportation,All Races,2017,3912
Maryland,Support Activities for Water Transportation,Hispanic/ Latinx,2017,62
Maryland,Support Activities for Water Transportation,White,2017,2196
Maryland,Support Activities for Water Transportation,Black or African American,2017,1650
Maryland,Warehousing and Storage,All Races,2017,15369
Maryland,Warehousing and Storage,Hispanic/ Latinx,2017,978
Maryland,Warehousing and Storage,White,2017,7830
Maryland,Warehousing and Storage,Black or African American,2017,6190
Maryland,"Media Streaming Distribution Services, Social Networks, and Other Media Networks and Content Providers",All Races,2017,2597
Maryland,"Media Streaming Distribution Services, Social Networks, and Other Media Networks and Content Providers",Hispanic/ Latinx,2017,125
Maryland,"Media Streaming Distribution Services, Social Networks, and Other Media Networks and Content Providers",White,2017,1845
Maryland,"Media Streaming Distribution Services, Social Networks, and Other Media Networks and Content Providers",Black or African American,2017,508
Maryland,"Computing Infrastructure Providers, Data Processing, Web Hosting, and Related Services",All Races,2017,3276
Maryland,"Computing Infrastructure Providers, Data Processing, Web Hosting, and Related Services",Hispanic/ Latinx,2017,137
Maryland,"Computing Infrastructure Providers, Data Processing, Web Hosting, and Related Services",White,2017,2015
Maryland,"Computing Infrastructure Providers, Data Processing, Web Hosting, and Related Services",Black or African American,2017,698
Maryland,Computer Systems Design and Related Services,All Races,2017,65373
Maryland,Computer Systems Design and Related Services,Hispanic/ Latinx,2017,2842
Maryland,Computer Systems Design and Related Services,White,2017,40630
Maryland,Computer Systems Design and Related Services,Black or African American,2017,11669
Maryland,"Management, Scientific, and Technical Consulting Services",All Races,2017,38601
Maryland,"Management, Scientific, and Technical Consulting Services",Hispanic/ Latinx,2017,2107
Maryland,"Management, Scientific, and Technical Consulting Services",White,2017,26063
Maryland,"Management, Scientific, and Technical Consulting Services",Black or African American,2017,7596
Maryland,Scientific Research and Development Services,All Races,2017,30711
Maryland,Scientific Research and Development Services,Hispanic/ Latinx,2017,1554
Maryland,Scientific Research and Development Services,White,2017,21423
Maryland,Scientific Research and Development Services,Black or African American,2017,4321
Maryland,"Other Professional, Scientific, and Technical Services",All Races,2017,11355
Maryland,"Other Professional, Scientific, and Technical Services",Hispanic/ Latinx,2017,663
Maryland,"Other Professional, Scientific, and Technical Services",White,2017,9042
Maryland,"Other Professional, Scientific, and Technical Services",Black or African American,2017,1484
Maryland,Performing Arts Companies,All Races,2017,1893
Maryland,Performing Arts Companies,Hispanic/ Latinx,2017,127
Maryland,Performing Arts Companies,White,2017,1482
Maryland,Performing Arts Companies,Black or African American,2017,276
Maryland,"Independent Artists, Writers, and Performers",All Races,2017,565
Maryland,"Independent Artists, Writers, and Performers",Hispanic/ Latinx,2017,22
Maryland,"Independent Artists, Writers, and Performers",White,2017,422
Maryland,"Independent Artists, Writers, and Performers",Black or African American,2017,108
Maryland,All NAICS Sectors,All Races,2017,1913632
Maryland,All NAICS Sectors,Hispanic/ Latinx,2017,156001
Maryland,All NAICS Sectors,White,2017,1223297
Maryland,All NAICS Sectors,Black or African American,2017,505685
Maryland,Support Activities for Water Transportation,All Races,2018,4104
Maryland,Support Activities for Water Transportation,Hispanic/ Latinx,2018,68
Maryland,Support Activities for Water Transportation,White,2018,2325
Maryland,Support Activities for Water Transportation,Black or African American,2018,1700
Maryland,Warehousing and Storage,All Races,2018,18192
Maryland,Warehousing and Storage,Hispanic/ Latinx,2018,1295
Maryland,Warehousing and Storage,White,2018,8764
Maryland,Warehousing and Storage,Black or African American,2018,7785
Maryland,"Media Streaming Distribution Services, Social Networks, and Other Media Networks and Content Providers",All Races,2018,2220
Maryland,"Media Streaming Distribution Services, Social Networks, and Other Media Networks and Content Providers",Hispanic/ Latinx,2018,109
Maryland,"Media Streaming Distribution Services, Social Networks, and Other Media Networks and Content Providers",White,2018,1589
Maryland,"Media Streaming Distribution Services, Social Networks, and Other Media Networks and Content Providers",Black or African American,2018,454
Maryland,"Computing Infrastructure Providers, Data Processing, Web Hosting, and Related Services",All Races,2018,3072
Maryland,"Computing Infrastructure Providers, Data Processing, Web Hosting, and Related Services",Hispanic/ Latinx,2018,134
Maryland,"Computing Infrastructure Providers, Data Processing, Web Hosting, and Related Services",White,2018,1910
Maryland,"Computing Infrastructure Providers, Data Processing, Web Hosting, and Related Services",Black or African American,2018,595
Maryland,Computer Systems Design and Related Services,All Races,2018,67217
Maryland,Computer Systems Design and Related Services,Hispanic/ Latinx,2018,3107
Maryland,Computer Systems Design and Related Services,White,2018,41741
Maryland,Computer Systems Design and Related Services,Black or African American,2018,12207
Maryland,"Management, Scientific, and Technical Consulting Services",All Races,2018,39173
Maryland,"Management, Scientific, and Technical Consulting Services",Hispanic/ Latinx,2018,2257
Maryland,"Management, Scientific, and Technical Consulting Services",White,2018,26493
Maryland,"Management, Scientific, and Technical Consulting Services",Black or African American,2018,7768
Maryland,Scientific Research and Development Services,All Races,2018,31961
Maryland,Scientific Research and Development Services,Hispanic/ Latinx,2018,1694
Maryland,Scientific Research and Development Services,White,2018,22178
Maryland,Scientific Research and Development Services,Black or African American,2018,4472
Maryland,"Other Professional, Scientific, and Technical Services",All Races,2018,11655
Maryland,"Other Professional, Scientific, and Technical Services",Hispanic/ Latinx,2018,677
Maryland,"Other Professional, Scientific, and Technical Services",White,2018,9382
Maryland,"Other Professional, Scientific, and Technical Services",Black or African American,2018,1412
Maryland,Performing Arts Companies,All Races,2018,1826
Maryland,Performing Arts Companies,Hispanic/ Latinx,2018,123
Maryland,Performing Arts Companies,White,2018,1401
Maryland,Performing Arts Companies,Black or African American,2018,276
Maryland,"Independent Artists, Writers, and Performers",All Races,2018,529
Maryland,"Independent Artists, Writers, and Performers",Hispanic/ Latinx,2018,23
Maryland,"Independent Artists, Writers, and Performers",White,2018,402
Maryland,"Independent Artists, Writers, and Performers",Black or African American,2018,87
Maryland,All NAICS Sectors,All Races,2018,1929334
Maryland,All NAICS Sectors,Hispanic/ Latinx,2018,162543
Maryland,All NAICS Sectors,White,2018,1226284
Maryland,All NAICS Sectors,Black or African American,2018,513264
Maryland,Support Activities for Water Transportation,All Races,2019,4484
Maryland,Support Activities for Water Transportation,Hispanic/ Latinx,2019,78
Maryland,Support Activities for Water Transportation,White,2019,2492
Maryland,Support Activities for Water Transportation,Black or African American,2019,1900
Maryland,Warehousing and Storage,All Races,2019,20617
Maryland,Warehousing and Storage,Hispanic/ Latinx,2019,1504
Maryland,Warehousing and Storage,White,2019,8652
Maryland,Warehousing and Storage,Black or African American,2019,10290
Maryland,"Media Streaming Distribution Services, Social Networks, and Other Media Networks and Content Providers",All Races,2019,1679
Maryland,"Media Streaming Distribution Services, Social Networks, and Other Media Networks and Content Providers",Hispanic/ Latinx,2019,71
Maryland,"Media Streaming Distribution Services, Social Networks, and Other Media Networks and Content Providers",White,2019,1217
Maryland,"Media Streaming Distribution Services, Social Networks, and Other Media Networks and Content Providers",Black or African American,2019,348
Maryland,"Computing Infrastructure Providers, Data Processing, Web Hosting, and Related Services",All Races,2019,3396
Maryland,"Computing Infrastructure Providers, Data Processing, Web Hosting, and Related Services",Hispanic/ Latinx,2019,150
Maryland,"Computing Infrastructure Providers, Data Processing, Web Hosting, and Related Services",White,2019,2145
Maryland,"Computing Infrastructure Providers, Data Processing, Web Hosting, and Related Services",Black or African American,2019,651
Maryland,Computer Systems Design and Related Services,All Races,2019,71587
Maryland,Computer Systems Design and Related Services,Hispanic/ Latinx,2019,3408
Maryland,Computer Systems Design and Related Services,White,2019,44404
Maryland,Computer Systems Design and Related Services,Black or African American,2019,13343
Maryland,"Management, Scientific, and Technical Consulting Services",All Races,2019,40457
Maryland,"Management, Scientific, and Technical Consulting Services",Hispanic/ Latinx,2019,2315
Maryland,"Management, Scientific, and Technical Consulting Services",White,2019,27038
Maryland,"Management, Scientific, and Technical Consulting Services",Black or African American,2019,8303
Maryland,Scientific Research and Development Services,All Races,2019,32522
Maryland,Scientific Research and Development Services,Hispanic/ Latinx,2019,1818
Maryland,Scientific Research and Development Services,White,2019,22293
Maryland,Scientific Research and Development Services,Black or African American,2019,4717
Maryland,"Other Professional, Scientific, and Technical Services",All Races,2019,11993
Maryland,"Other Professional, Scientific, and Technical Services",Hispanic/ Latinx,2019,732
Maryland,"Other Professional, Scientific, and Technical Services",White,2019,9563
Maryland,"Other Professional, Scientific, and Technical Services",Black or African American,2019,1521
Maryland,Performing Arts Companies,All Races,2019,1744
Maryland,Performing Arts Companies,Hispanic/ Latinx,2019,106
Maryland,Performing Arts Companies,White,2019,1342
Maryland,Performing Arts Companies,Black or African American,2019,261
Maryland,"Independent Artists, Writers, and Performers",All Races,2019,482
Maryland,"Independent Artists, Writers, and Performers",Hispanic/ Latinx,2019,18
Maryland,"Independent Artists, Writers, and Performers",White,2019,373
Maryland,"Independent Artists, Writers, and Performers",Black or African American,2019,74
Maryland,All NAICS Sectors,All Races,2019,1950387
Maryland,All NAICS Sectors,Hispanic/ Latinx,2019,169228
Maryland,All NAICS Sectors,White,2019,1232889
Maryland,All NAICS Sectors,Black or African American,2019,522791
Maryland,All NAICS Sectors,All Races,2020,1788614
Maryland,All NAICS Sectors,Hispanic/ Latinx,2020,157184
Maryland,Support Activities for Water Transportation,All Races,2020,3933
Maryland,Support Activities for Water Transportation,Hispanic/ Latinx,2020,79
Maryland,Support Activities for Water Transportation,White,2020,2150
Maryland,Support Activities for Water Transportation,Black or African American,2020,1680
Maryland,Warehousing and Storage,All Races,2020,24454
Maryland,Warehousing and Storage,Hispanic/ Latinx,2020,1935
Maryland,Warehousing and Storage,White,2020,10341
Maryland,Warehousing and Storage,Black or African American,2020,11840
Maryland,"Media Streaming Distribution Services, Social Networks, and Other Media Networks and Content Providers",All Races,2020,1512
Maryland,"Media Streaming Distribution Services, Social Networks, and Other Media Networks and Content Providers",Hispanic/ Latinx,2020,60
Maryland,"Media Streaming Distribution Services, Social Networks, and Other Media Networks and Content Providers",White,2020,1111
Maryland,"Media Streaming Distribution Services, Social Networks, and Other Media Networks and Content Providers",Black or African American,2020,319
Maryland,"Computing Infrastructure Providers, Data Processing, Web Hosting, and Related Services",All Races,2020,3026
Maryland,"Computing Infrastructure Providers, Data Processing, Web Hosting, and Related Services",Hispanic/ Latinx,2020,149
Maryland,"Computing Infrastructure Providers, Data Processing, Web Hosting, and Related Services",White,2020,1928
Maryland,"Computing Infrastructure Providers, Data Processing, Web Hosting, and Related Services",Black or African American,2020,546
Maryland,Computer Systems Design and Related Services,All Races,2020,73668
Maryland,Computer Systems Design and Related Services,Hispanic/ Latinx,2020,3616
Maryland,Computer Systems Design and Related Services,White,2020,44999
Maryland,Computer Systems Design and Related Services,Black or African American,2020,14280
Maryland,"Management, Scientific, and Technical Consulting Services",All Races,2020,41241
Maryland,"Management, Scientific, and Technical Consulting Services",Hispanic/ Latinx,2020,2414
Maryland,"Management, Scientific, and Technical Consulting Services",White,2020,27318
Maryland,"Management, Scientific, and Technical Consulting Services",Black or African American,2020,8542
Maryland,Scientific Research and Development Services,All Races,2020,36424
Maryland,Scientific Research and Development Services,Hispanic/ Latinx,2020,2148
Maryland,Scientific Research and Development Services,White,2020,24514
Maryland,Scientific Research and Development Services,Black or African American,2020,5566
Maryland,"Other Professional, Scientific, and Technical Services",All Races,2020,11767
Maryland,"Other Professional, Scientific, and Technical Services",Hispanic/ Latinx,2020,734
Maryland,"Other Professional, Scientific, and Technical Services",White,2020,9382
Maryland,"Other Professional, Scientific, and Technical Services",Black or African American,2020,1461
Maryland,Performing Arts Companies,All Races,2020,624
Maryland,Performing Arts Companies,Hispanic/ Latinx,2020,37
Maryland,Performing Arts Companies,White,2020,510
Maryland,Performing Arts Companies,Black or African American,2020,69
Maryland,"Independent Artists, Writers, and Performers",All Races,2020,315
Maryland,"Independent Artists, Writers, and Performers",Hispanic/ Latinx,2020,12
Maryland,"Independent Artists, Writers, and Performers",White,2020,233
Maryland,"Independent Artists, Writers, and Performers",Black or African American,2020,58
Maryland,All NAICS Sectors,White,2020,1140416
Maryland,All NAICS Sectors,Black or African American,2020,465195
Maryland,Support Activities for Water Transportation,All Races,2021,4752
Maryland,Support Activities for Water Transportation,Hispanic/ Latinx,2021,102
Maryland,Support Activities for Water Transportation,White,2021,2702
Maryland,Support Activities for Water Transportation,Black or African American,2021,1920
Maryland,Warehousing and Storage,All Races,2021,10764
Maryland,Warehousing and Storage,Hispanic/ Latinx,2021,834
Maryland,Warehousing and Storage,White,2021,5597
Maryland,Warehousing and Storage,Black or African American,2021,4207
Maryland,"Media Streaming Distribution Services, Social Networks, and Other Media Networks and Content Providers",All Races,2021,1538
Maryland,"Media Streaming Distribution Services, Social Networks, and Other Media Networks and Content Providers",Hispanic/ Latinx,2021,70
Maryland,"Media Streaming Distribution Services, Social Networks, and Other Media Networks and Content Providers",White,2021,1136
Maryland,"Media Streaming Distribution Services, Social Networks, and Other Media Networks and Content Providers",Black or African American,2021,313
Maryland,"Computing Infrastructure Providers, Data Processing, Web Hosting, and Related Services",All Races,2021,3162
Maryland,"Computing Infrastructure Providers, Data Processing, Web Hosting, and Related Services",Hispanic/ Latinx,2021,159
Maryland,"Computing Infrastructure Providers, Data Processing, Web Hosting, and Related Services",White,2021,2005
Maryland,"Computing Infrastructure Providers, Data Processing, Web Hosting, and Related Services",Black or African American,2021,570
Maryland,Computer Systems Design and Related Services,All Races,2021,73294
Maryland,Computer Systems Design and Related Services,Hispanic/ Latinx,2021,3771
Maryland,Computer Systems Design and Related Services,White,2021,44248
Maryland,Computer Systems Design and Related Services,Black or African American,2021,15272
Maryland,"Management, Scientific, and Technical Consulting Services",All Races,2021,42202
Maryland,"Management, Scientific, and Technical Consulting Services",Hispanic/ Latinx,2021,2597
Maryland,"Management, Scientific, and Technical Consulting Services",White,2021,27299
Maryland,"Management, Scientific, and Technical Consulting Services",Black or African American,2021,9191
Maryland,Scientific Research and Development Services,All Races,2021,38620
Maryland,Scientific Research and Development Services,Hispanic/ Latinx,2021,2446
Maryland,Scientific Research and Development Services,White,2021,25563
Maryland,Scientific Research and Development Services,Black or African American,2021,6265
Maryland,"Other Professional, Scientific, and Technical Services",All Races,2021,13558
Maryland,"Other Professional, Scientific, and Technical Services",Hispanic/ Latinx,2021,902
Maryland,"Other Professional, Scientific, and Technical Services",White,2021,10312
Maryland,"Other Professional, Scientific, and Technical Services",Black or African American,2021,2039
Maryland,Performing Arts Companies,All Races,2021,1518
Maryland,Performing Arts Companies,Hispanic/ Latinx,2021,111
Maryland,Performing Arts Companies,White,2021,1147
Maryland,Performing Arts Companies,Black or African American,2021,237
Maryland,"Independent Artists, Writers, and Performers",All Races,2021,410
Maryland,"Independent Artists, Writers, and Performers",Hispanic/ Latinx,2021,23
Maryland,"Independent Artists, Writers, and Performers",White,2021,307
Maryland,"Independent Artists, Writers, and Performers",Black or African American,2021,72
Maryland,All NAICS Sectors,All Races,2021,1800695
Maryland,All NAICS Sectors,Hispanic/ Latinx,2021,163985
Maryland,All NAICS Sectors,White,2021,1143053
Maryland,All NAICS Sectors,Black or African American,2021,469115
Baltimore-Columbia-Towson MSA,Support Activities for Water Transportation,All Races,2017,3880
Baltimore-Columbia-Towson MSA,Support Activities for Water Transportation,Hispanic/ Latinx,2017,62
Baltimore-Columbia-Towson MSA,Support Activities for Water Transportation,White,2017,2165
Baltimore-Columbia-Towson MSA,Support Activities for Water Transportation,Black or African American,2017,1649
Baltimore-Columbia-Towson MSA,Warehousing and Storage,All Races,2017,11316
Baltimore-Columbia-Towson MSA,Warehousing and Storage,Hispanic/ Latinx,2017,608
Baltimore-Columbia-Towson MSA,Warehousing and Storage,White,2017,5482
Baltimore-Columbia-Towson MSA,Warehousing and Storage,Black or African American,2017,4746
Baltimore-Columbia-Towson MSA,"Media Streaming Distribution Services, Social Networks, and Other Media Networks and Content Providers",All Races,2017,713
Baltimore-Columbia-Towson MSA,"Media Streaming Distribution Services, Social Networks, and Other Media Networks and Content Providers",Hispanic/ Latinx,2017,19
Baltimore-Columbia-Towson MSA,"Media Streaming Distribution Services, Social Networks, and Other Media Networks and Content Providers",White,2017,551
Baltimore-Columbia-Towson MSA,"Media Streaming Distribution Services, Social Networks, and Other Media Networks and Content Providers",Black or African American,2017,101
Baltimore-Columbia-Towson MSA,"Computing Infrastructure Providers, Data Processing, Web Hosting, and Related Services",All Races,2017,1328
Baltimore-Columbia-Towson MSA,"Computing Infrastructure Providers, Data Processing, Web Hosting, and Related Services",Hispanic/ Latinx,2017,48
Baltimore-Columbia-Towson MSA,"Computing Infrastructure Providers, Data Processing, Web Hosting, and Related Services",White,2017,927
Baltimore-Columbia-Towson MSA,"Computing Infrastructure Providers, Data Processing, Web Hosting, and Related Services",Black or African American,2017,240
Baltimore-Columbia-Towson MSA,Computer Systems Design and Related Services,All Races,2017,33453
Baltimore-Columbia-Towson MSA,Computer Systems Design and Related Services,Hispanic/ Latinx,2017,1323
Baltimore-Columbia-Towson MSA,Computer Systems Design and Related Services,White,2017,21871
Baltimore-Columbia-Towson MSA,Computer Systems Design and Related Services,Black or African American,2017,5555
Baltimore-Columbia-Towson MSA,"Management, Scientific, and Technical Consulting Services",All Races,2017,18200
Baltimore-Columbia-Towson MSA,"Management, Scientific, and Technical Consulting Services",Hispanic/ Latinx,2017,776
Baltimore-Columbia-Towson MSA,"Management, Scientific, and Technical Consulting Services",White,2017,12846
Baltimore-Columbia-Towson MSA,"Management, Scientific, and Technical Consulting Services",Black or African American,2017,3524
Baltimore-Columbia-Towson MSA,Scientific Research and Development Services,All Races,2017,12216
Baltimore-Columbia-Towson MSA,Scientific Research and Development Services,Hispanic/ Latinx,2017,441
Baltimore-Columbia-Towson MSA,Scientific Research and Development Services,White,2017,9352
Baltimore-Columbia-Towson MSA,Scientific Research and Development Services,Black or African American,2017,1470
Baltimore-Columbia-Towson MSA,"Other Professional, Scientific, and Technical Services",All Races,2017,5909
Baltimore-Columbia-Towson MSA,"Other Professional, Scientific, and Technical Services",Hispanic/ Latinx,2017,245
Baltimore-Columbia-Towson MSA,"Other Professional, Scientific, and Technical Services",White,2017,4783
Baltimore-Columbia-Towson MSA,"Other Professional, Scientific, and Technical Services",Black or African American,2017,730
Baltimore-Columbia-Towson MSA,Performing Arts Companies,All Races,2017,1194
Baltimore-Columbia-Towson MSA,Performing Arts Companies,Hispanic/ Latinx,2017,63
Baltimore-Columbia-Towson MSA,Performing Arts Companies,White,2017,928
Baltimore-Columbia-Towson MSA,Performing Arts Companies,Black or African American,2017,174
Baltimore-Columbia-Towson MSA,"Independent Artists, Writers, and Performers",All Races,2017,333
Baltimore-Columbia-Towson MSA,"Independent Artists, Writers, and Performers",Hispanic/ Latinx,2017,10
Baltimore-Columbia-Towson MSA,"Independent Artists, Writers, and Performers",White,2017,242
Baltimore-Columbia-Towson MSA,"Independent Artists, Writers, and Performers",Black or African American,2017,76
Baltimore-Columbia-Towson MSA,All NAICS Sectors,All Races,2017,1024661
Baltimore-Columbia-Towson MSA,All NAICS Sectors,Hispanic/ Latinx,2017,59940
Baltimore-Columbia-Towson MSA,All NAICS Sectors,White,2017,656449
Baltimore-Columbia-Towson MSA,All NAICS Sectors,Black or African American,2017,279595
Baltimore-Columbia-Towson MSA,Support Activities for Water Transportation,All Races,2018,4064
Baltimore-Columbia-Towson MSA,Support Activities for Water Transportation,Hispanic/ Latinx,2018,67
Baltimore-Columbia-Towson MSA,Support Activities for Water Transportation,White,2018,2289
Baltimore-Columbia-Towson MSA,Support Activities for Water Transportation,Black or African American,2018,1698
Baltimore-Columbia-Towson MSA,Warehousing and Storage,All Races,2018,13315
Baltimore-Columbia-Towson MSA,Warehousing and Storage,Hispanic/ Latinx,2018,854
Baltimore-Columbia-Towson MSA,Warehousing and Storage,White,2018,6257
Baltimore-Columbia-Towson MSA,Warehousing and Storage,Black or African American,2018,5762
Baltimore-Columbia-Towson MSA,"Media Streaming Distribution Services, Social Networks, and Other Media Networks and Content Providers",All Races,2018,476
Baltimore-Columbia-Towson MSA,"Media Streaming Distribution Services, Social Networks, and Other Media Networks and Content Providers",Hispanic/ Latinx,2018,16
Baltimore-Columbia-Towson MSA,"Media Streaming Distribution Services, Social Networks, and Other Media Networks and Content Providers",White,2018,362
Baltimore-Columbia-Towson MSA,"Media Streaming Distribution Services, Social Networks, and Other Media Networks and Content Providers",Black or African American,2018,89
Baltimore-Columbia-Towson MSA,"Computing Infrastructure Providers, Data Processing, Web Hosting, and Related Services",All Races,2018,1086
Baltimore-Columbia-Towson MSA,"Computing Infrastructure Providers, Data Processing, Web Hosting, and Related Services",Hispanic/ Latinx,2018,35
Baltimore-Columbia-Towson MSA,"Computing Infrastructure Providers, Data Processing, Web Hosting, and Related Services",White,2018,764
Baltimore-Columbia-Towson MSA,"Computing Infrastructure Providers, Data Processing, Web Hosting, and Related Services",Black or African American,2018,177
Baltimore-Columbia-Towson MSA,Computer Systems Design and Related Services,All Races,2018,34338
Baltimore-Columbia-Towson MSA,Computer Systems Design and Related Services,Hispanic/ Latinx,2018,1424
Baltimore-Columbia-Towson MSA,Computer Systems Design and Related Services,White,2018,22369
Baltimore-Columbia-Towson MSA,Computer Systems Design and Related Services,Black or African American,2018,5840
Baltimore-Columbia-Towson MSA,"Management, Scientific, and Technical Consulting Services",All Races,2018,18868
Baltimore-Columbia-Towson MSA,"Management, Scientific, and Technical Consulting Services",Hispanic/ Latinx,2018,851
Baltimore-Columbia-Towson MSA,"Management, Scientific, and Technical Consulting Services",White,2018,13237
Baltimore-Columbia-Towson MSA,"Management, Scientific, and Technical Consulting Services",Black or African American,2018,3726
Baltimore-Columbia-Towson MSA,Scientific Research and Development Services,All Races,2018,12597
Baltimore-Columbia-Towson MSA,Scientific Research and Development Services,Hispanic/ Latinx,2018,488
Baltimore-Columbia-Towson MSA,Scientific Research and Development Services,White,2018,9595
Baltimore-Columbia-Towson MSA,Scientific Research and Development Services,Black or African American,2018,1511
Baltimore-Columbia-Towson MSA,"Other Professional, Scientific, and Technical Services",All Races,2018,5994
Baltimore-Columbia-Towson MSA,"Other Professional, Scientific, and Technical Services",Hispanic/ Latinx,2018,244
Baltimore-Columbia-Towson MSA,"Other Professional, Scientific, and Technical Services",White,2018,4897
Baltimore-Columbia-Towson MSA,"Other Professional, Scientific, and Technical Services",Black or African American,2018,705
Baltimore-Columbia-Towson MSA,Performing Arts Companies,All Races,2018,1209
Baltimore-Columbia-Towson MSA,Performing Arts Companies,Hispanic/ Latinx,2018,63
Baltimore-Columbia-Towson MSA,Performing Arts Companies,White,2018,917
Baltimore-Columbia-Towson MSA,Performing Arts Companies,Black or African American,2018,190
Baltimore-Columbia-Towson MSA,"Independent Artists, Writers, and Performers",All Races,2018,287
Baltimore-Columbia-Towson MSA,"Independent Artists, Writers, and Performers",Hispanic/ Latinx,2018,8
Baltimore-Columbia-Towson MSA,"Independent Artists, Writers, and Performers",White,2018,225
Baltimore-Columbia-Towson MSA,"Independent Artists, Writers, and Performers",Black or African American,2018,47
Baltimore-Columbia-Towson MSA,All NAICS Sectors,All Races,2018,1028179
Baltimore-Columbia-Towson MSA,All NAICS Sectors,Hispanic/ Latinx,2018,62206
Baltimore-Columbia-Towson MSA,All NAICS Sectors,White,2018,653993
Baltimore-Columbia-Towson MSA,All NAICS Sectors,Black or African American,2018,283287
Baltimore-Columbia-Towson MSA,Support Activities for Water Transportation,All Races,2019,4446
Baltimore-Columbia-Towson MSA,Support Activities for Water Transportation,Hispanic/ Latinx,2019,77
Baltimore-Columbia-Towson MSA,Support Activities for Water Transportation,White,2019,2455
Baltimore-Columbia-Towson MSA,Support Activities for Water Transportation,Black or African American,2019,1898
Baltimore-Columbia-Towson MSA,Warehousing and Storage,All Races,2019,14555
Baltimore-Columbia-Towson MSA,Warehousing and Storage,Hispanic/ Latinx,2019,981
Baltimore-Columbia-Towson MSA,Warehousing and Storage,White,2019,5685
Baltimore-Columbia-Towson MSA,Warehousing and Storage,Black or African American,2019,7645
Baltimore-Columbia-Towson MSA,"Media Streaming Distribution Services, Social Networks, and Other Media Networks and Content Providers",All Races,2019,473
Baltimore-Columbia-Towson MSA,"Media Streaming Distribution Services, Social Networks, and Other Media Networks and Content Providers",Hispanic/ Latinx,2019,14
Baltimore-Columbia-Towson MSA,"Media Streaming Distribution Services, Social Networks, and Other Media Networks and Content Providers",White,2019,355
Baltimore-Columbia-Towson MSA,"Media Streaming Distribution Services, Social Networks, and Other Media Networks and Content Providers",Black or African American,2019,96
Baltimore-Columbia-Towson MSA,"Computing Infrastructure Providers, Data Processing, Web Hosting, and Related Services",All Races,2019,1216
Baltimore-Columbia-Towson MSA,"Computing Infrastructure Providers, Data Processing, Web Hosting, and Related Services",Hispanic/ Latinx,2019,36
Baltimore-Columbia-Towson MSA,"Computing Infrastructure Providers, Data Processing, Web Hosting, and Related Services",White,2019,849
Baltimore-Columbia-Towson MSA,"Computing Infrastructure Providers, Data Processing, Web Hosting, and Related Services",Black or African American,2019,210
Baltimore-Columbia-Towson MSA,Computer Systems Design and Related Services,All Races,2019,36755
Baltimore-Columbia-Towson MSA,Computer Systems Design and Related Services,Hispanic/ Latinx,2019,1544
Baltimore-Columbia-Towson MSA,Computer Systems Design and Related Services,White,2019,24067
Baltimore-Columbia-Towson MSA,Computer Systems Design and Related Services,Black or African American,2019,6429
Baltimore-Columbia-Towson MSA,"Management, Scientific, and Technical Consulting Services",All Races,2019,19820
Baltimore-Columbia-Towson MSA,"Management, Scientific, and Technical Consulting Services",Hispanic/ Latinx,2019,907
Baltimore-Columbia-Towson MSA,"Management, Scientific, and Technical Consulting Services",White,2019,13804
Baltimore-Columbia-Towson MSA,"Management, Scientific, and Technical Consulting Services",Black or African American,2019,3947
Baltimore-Columbia-Towson MSA,Scientific Research and Development Services,All Races,2019,13588
Baltimore-Columbia-Towson MSA,Scientific Research and Development Services,Hispanic/ Latinx,2019,560
Baltimore-Columbia-Towson MSA,Scientific Research and Development Services,White,2019,10173
Baltimore-Columbia-Towson MSA,Scientific Research and Development Services,Black or African American,2019,1731
Baltimore-Columbia-Towson MSA,"Other Professional, Scientific, and Technical Services",All Races,2019,6157
Baltimore-Columbia-Towson MSA,"Other Professional, Scientific, and Technical Services",Hispanic/ Latinx,2019,279
Baltimore-Columbia-Towson MSA,"Other Professional, Scientific, and Technical Services",White,2019,4986
Baltimore-Columbia-Towson MSA,"Other Professional, Scientific, and Technical Services",Black or African American,2019,751
Baltimore-Columbia-Towson MSA,Performing Arts Companies,All Races,2019,1163
Baltimore-Columbia-Towson MSA,Performing Arts Companies,Hispanic/ Latinx,2019,67
Baltimore-Columbia-Towson MSA,Performing Arts Companies,White,2019,898
Baltimore-Columbia-Towson MSA,Performing Arts Companies,Black or African American,2019,168
Baltimore-Columbia-Towson MSA,"Independent Artists, Writers, and Performers",All Races,2019,256
Baltimore-Columbia-Towson MSA,"Independent Artists, Writers, and Performers",Hispanic/ Latinx,2019,6
Baltimore-Columbia-Towson MSA,"Independent Artists, Writers, and Performers",White,2019,212
Baltimore-Columbia-Towson MSA,"Independent Artists, Writers, and Performers",Black or African American,2019,34
Baltimore-Columbia-Towson MSA,All NAICS Sectors,All Races,2019,1043508
Baltimore-Columbia-Towson MSA,All NAICS Sectors,Hispanic/ Latinx,2019,65664
Baltimore-Columbia-Towson MSA,All NAICS Sectors,White,2019,660313
Baltimore-Columbia-Towson MSA,All NAICS Sectors,Black or African American,2019,289034
Baltimore-Columbia-Towson MSA,All NAICS Sectors,All Races,2020,955188
Baltimore-Columbia-Towson MSA,All NAICS Sectors,Hispanic/ Latinx,2020,62188
Baltimore-Columbia-Towson MSA,Support Activities for Water Transportation,All Races,2020,3807
Baltimore-Columbia-Towson MSA,Support Activities for Water Transportation,Hispanic/ Latinx,2020,71
Baltimore-Columbia-Towson MSA,Support Activities for Water Transportation,White,2020,2047
Baltimore-Columbia-Towson MSA,Support Activities for Water Transportation,Black or African American,2020,1673
Baltimore-Columbia-Towson MSA,Warehousing and Storage,All Races,2020,18391
Baltimore-Columbia-Towson MSA,Warehousing and Storage,Hispanic/ Latinx,2020,1385
Baltimore-Columbia-Towson MSA,Warehousing and Storage,White,2020,7399
Baltimore-Columbia-Towson MSA,Warehousing and Storage,Black or African American,2020,9235
Baltimore-Columbia-Towson MSA,"Media Streaming Distribution Services, Social Networks, and Other Media Networks and Content Providers",All Races,2020,468
Baltimore-Columbia-Towson MSA,"Media Streaming Distribution Services, Social Networks, and Other Media Networks and Content Providers",Hispanic/ Latinx,2020,16
Baltimore-Columbia-Towson MSA,"Media Streaming Distribution Services, Social Networks, and Other Media Networks and Content Providers",White,2020,354
Baltimore-Columbia-Towson MSA,"Media Streaming Distribution Services, Social Networks, and Other Media Networks and Content Providers",Black or African American,2020,91
Baltimore-Columbia-Towson MSA,"Computing Infrastructure Providers, Data Processing, Web Hosting, and Related Services",All Races,2020,966
Baltimore-Columbia-Towson MSA,"Computing Infrastructure Providers, Data Processing, Web Hosting, and Related Services",Hispanic/ Latinx,2020,37
Baltimore-Columbia-Towson MSA,"Computing Infrastructure Providers, Data Processing, Web Hosting, and Related Services",White,2020,674
Baltimore-Columbia-Towson MSA,"Computing Infrastructure Providers, Data Processing, Web Hosting, and Related Services",Black or African American,2020,167
Baltimore-Columbia-Towson MSA,Computer Systems Design and Related Services,All Races,2020,36986
Baltimore-Columbia-Towson MSA,Computer Systems Design and Related Services,Hispanic/ Latinx,2020,1637
Baltimore-Columbia-Towson MSA,Computer Systems Design and Related Services,White,2020,24094
Baltimore-Columbia-Towson MSA,Computer Systems Design and Related Services,Black or African American,2020,6549
Baltimore-Columbia-Towson MSA,"Management, Scientific, and Technical Consulting Services",All Races,2020,20279
Baltimore-Columbia-Towson MSA,"Management, Scientific, and Technical Consulting Services",Hispanic/ Latinx,2020,985
Baltimore-Columbia-Towson MSA,"Management, Scientific, and Technical Consulting Services",White,2020,13920
Baltimore-Columbia-Towson MSA,"Management, Scientific, and Technical Consulting Services",Black or African American,2020,4110
Baltimore-Columbia-Towson MSA,Scientific Research and Development Services,All Races,2020,14556
Baltimore-Columbia-Towson MSA,Scientific Research and Development Services,Hispanic/ Latinx,2020,622
Baltimore-Columbia-Towson MSA,Scientific Research and Development Services,White,2020,10681
Baltimore-Columbia-Towson MSA,Scientific Research and Development Services,Black or African American,2020,1945
Baltimore-Columbia-Towson MSA,"Other Professional, Scientific, and Technical Services",All Races,2020,5934
Baltimore-Columbia-Towson MSA,"Other Professional, Scientific, and Technical Services",Hispanic/ Latinx,2020,277
Baltimore-Columbia-Towson MSA,"Other Professional, Scientific, and Technical Services",White,2020,4800
Baltimore-Columbia-Towson MSA,"Other Professional, Scientific, and Technical Services",Black or African American,2020,722
Baltimore-Columbia-Towson MSA,Performing Arts Companies,All Races,2020,340
Baltimore-Columbia-Towson MSA,Performing Arts Companies,Hispanic/ Latinx,2020,15
Baltimore-Columbia-Towson MSA,Performing Arts Companies,White,2020,278
Baltimore-Columbia-Towson MSA,Performing Arts Companies,Black or African American,2020,39
Baltimore-Columbia-Towson MSA,"Independent Artists, Writers, and Performers",All Races,2020,159
Baltimore-Columbia-Towson MSA,"Independent Artists, Writers, and Performers",Hispanic/ Latinx,2020,0
Baltimore-Columbia-Towson MSA,"Independent Artists, Writers, and Performers",White,2020,129
Baltimore-Columbia-Towson MSA,"Independent Artists, Writers, and Performers",Black or African American,2020,24
Baltimore-Columbia-Towson MSA,All NAICS Sectors,White,2020,608991
Baltimore-Columbia-Towson MSA,All NAICS Sectors,Black or African American,2020,257413
Baltimore-Columbia-Towson MSA,Support Activities for Water Transportation,All Races,2021,4647
Baltimore-Columbia-Towson MSA,Support Activities for Water Transportation,Hispanic/ Latinx,2021,97
Baltimore-Columbia-Towson MSA,Support Activities for Water Transportation,White,2021,2627
Baltimore-Columbia-Towson MSA,Support Activities for Water Transportation,Black or African American,2021,1911
Baltimore-Columbia-Towson MSA,Warehousing and Storage,All Races,2021,6360
Baltimore-Columbia-Towson MSA,Warehousing and Storage,Hispanic/ Latinx,2021,431
Baltimore-Columbia-Towson MSA,Warehousing and Storage,White,2021,3448
Baltimore-Columbia-Towson MSA,Warehousing and Storage,Black or African American,2021,2299
Baltimore-Columbia-Towson MSA,"Media Streaming Distribution Services, Social Networks, and Other Media Networks and Content Providers",All Races,2021,556
Baltimore-Columbia-Towson MSA,"Media Streaming Distribution Services, Social Networks, and Other Media Networks and Content Providers",Hispanic/ Latinx,2021,20
Baltimore-Columbia-Towson MSA,"Media Streaming Distribution Services, Social Networks, and Other Media Networks and Content Providers",White,2021,427
Baltimore-Columbia-Towson MSA,"Media Streaming Distribution Services, Social Networks, and Other Media Networks and Content Providers",Black or African American,2021,104
Baltimore-Columbia-Towson MSA,"Computing Infrastructure Providers, Data Processing, Web Hosting, and Related Services",All Races,2021,1116
Baltimore-Columbia-Towson MSA,"Computing Infrastructure Providers, Data Processing, Web Hosting, and Related Services",Hispanic/ Latinx,2021,44
Baltimore-Columbia-Towson MSA,"Computing Infrastructure Providers, Data Processing, Web Hosting, and Related Services",White,2021,773
Baltimore-Columbia-Towson MSA,"Computing Infrastructure Providers, Data Processing, Web Hosting, and Related Services",Black or African American,2021,193
Baltimore-Columbia-Towson MSA,Computer Systems Design and Related Services,All Races,2021,36554
Baltimore-Columbia-Towson MSA,Computer Systems Design and Related Services,Hispanic/ Latinx,2021,1766
Baltimore-Columbia-Towson MSA,Computer Systems Design and Related Services,White,2021,23583
Baltimore-Columbia-Towson MSA,Computer Systems Design and Related Services,Black or African American,2021,7089
Baltimore-Columbia-Towson MSA,"Management, Scientific, and Technical Consulting Services",All Races,2021,20211
Baltimore-Columbia-Towson MSA,"Management, Scientific, and Technical Consulting Services",Hispanic/ Latinx,2021,1045
Baltimore-Columbia-Towson MSA,"Management, Scientific, and Technical Consulting Services",White,2021,13570
Baltimore-Columbia-Towson MSA,"Management, Scientific, and Technical Consulting Services",Black or African American,2021,4329
Baltimore-Columbia-Towson MSA,Scientific Research and Development Services,All Races,2021,15496
Baltimore-Columbia-Towson MSA,Scientific Research and Development Services,Hispanic/ Latinx,2021,743
Baltimore-Columbia-Towson MSA,Scientific Research and Development Services,White,2021,11143
Baltimore-Columbia-Towson MSA,Scientific Research and Development Services,Black or African American,2021,2244
Baltimore-Columbia-Towson MSA,"Other Professional, Scientific, and Technical Services",All Races,2021,6841
Baltimore-Columbia-Towson MSA,"Other Professional, Scientific, and Technical Services",Hispanic/ Latinx,2021,368
Baltimore-Columbia-Towson MSA,"Other Professional, Scientific, and Technical Services",White,2021,5265
Baltimore-Columbia-Towson MSA,"Other Professional, Scientific, and Technical Services",Black or African American,2021,1028
Baltimore-Columbia-Towson MSA,Performing Arts Companies,All Races,2021,904
Baltimore-Columbia-Towson MSA,Performing Arts Companies,Hispanic/ Latinx,2021,57
Baltimore-Columbia-Towson MSA,Performing Arts Companies,White,2021,668
Baltimore-Columbia-Towson MSA,Performing Arts Companies,Black or African American,2021,164
Baltimore-Columbia-Towson MSA,"Independent Artists, Writers, and Performers",All Races,2021,218
Baltimore-Columbia-Towson MSA,"Independent Artists, Writers, and Performers",Hispanic/ Latinx,2021,7
Baltimore-Columbia-Towson MSA,"Independent Artists, Writers, and Performers",White,2021,177
Baltimore-Columbia-Towson MSA,"Independent Artists, Writers, and Performers",Black or African American,2021,35
Baltimore-Columbia-Towson MSA,All NAICS Sectors,All Races,2021,957044
Baltimore-Columbia-Towson MSA,All NAICS Sectors,Hispanic/ Latinx,2021,64867
Baltimore-Columbia-Towson MSA,All NAICS Sectors,White,2021,608230
Baltimore-Columbia-Towson MSA,All NAICS Sectors,Black or African American,2021,257846
Baltimore City,Support Activities for Water Transportation,All Races,2017,2708
Baltimore City,Support Activities for Water Transportation,Hispanic/ Latinx,2017,40
Baltimore City,Support Activities for Water Transportation,White,2017,1535
Baltimore City,Support Activities for Water Transportation,Black or African American,2017,1130
Baltimore City,Warehousing and Storage,All Races,2017,5782
Baltimore City,Warehousing and Storage,Hispanic/ Latinx,2017,261
Baltimore City,Warehousing and Storage,White,2017,2502
Baltimore City,Warehousing and Storage,Black or African American,2017,2724
Baltimore City,"Media Streaming Distribution Services, Social Networks, and Other Media Networks and Content Providers",All Races,2017,528
Baltimore City,"Media Streaming Distribution Services, Social Networks, and Other Media Networks and Content Providers",Hispanic/ Latinx,2017,13
Baltimore City,"Media Streaming Distribution Services, Social Networks, and Other Media Networks and Content Providers",White,2017,395
Baltimore City,"Media Streaming Distribution Services, Social Networks, and Other Media Networks and Content Providers",Black or African American,2017,83
Baltimore City,"Computing Infrastructure Providers, Data Processing, Web Hosting, and Related Services",All Races,2017,206
Baltimore City,"Computing Infrastructure Providers, Data Processing, Web Hosting, and Related Services",Hispanic/ Latinx,2017,7
Baltimore City,"Computing Infrastructure Providers, Data Processing, Web Hosting, and Related Services",White,2017,134
Baltimore City,"Computing Infrastructure Providers, Data Processing, Web Hosting, and Related Services",Black or African American,2017,60
Baltimore City,Computer Systems Design and Related Services,All Races,2017,2797
Baltimore City,Computer Systems Design and Related Services,Hispanic/ Latinx,2017,111
Baltimore City,Computer Systems Design and Related Services,White,2017,1786
Baltimore City,Computer Systems Design and Related Services,Black or African American,2017,457
Baltimore City,"Management, Scientific, and Technical Consulting Services",All Races,2017,3016
Baltimore City,"Management, Scientific, and Technical Consulting Services",Hispanic/ Latinx,2017,120
Baltimore City,"Management, Scientific, and Technical Consulting Services",White,2017,1891
Baltimore City,"Management, Scientific, and Technical Consulting Services",Black or African American,2017,703
Baltimore City,Scientific Research and Development Services,All Races,2017,1693
Baltimore City,Scientific Research and Development Services,Hispanic/ Latinx,2017,69
Baltimore City,Scientific Research and Development Services,White,2017,1180
Baltimore City,Scientific Research and Development Services,Black or African American,2017,283
Baltimore City,"Other Professional, Scientific, and Technical Services",All Races,2017,661
Baltimore City,"Other Professional, Scientific, and Technical Services",Hispanic/ Latinx,2017,24
Baltimore City,"Other Professional, Scientific, and Technical Services",White,2017,461
Baltimore City,"Other Professional, Scientific, and Technical Services",Black or African American,2017,161
Baltimore City,Performing Arts Companies,All Races,2017,487
Baltimore City,Performing Arts Companies,Hispanic/ Latinx,2017,18
Baltimore City,Performing Arts Companies,White,2017,345
Baltimore City,Performing Arts Companies,Black or African American,2017,105
Baltimore City,"Independent Artists, Writers, and Performers",All Races,2017,77
Baltimore City,"Independent Artists, Writers, and Performers",Hispanic/ Latinx,2017,0
Baltimore City,"Independent Artists, Writers, and Performers",White,2017,66
Baltimore City,"Independent Artists, Writers, and Performers",Black or African American,2017,10
Baltimore City,All NAICS Sectors,All Races,2017,253003
Baltimore City,All NAICS Sectors,Hispanic/ Latinx,2017,12879
Baltimore City,All NAICS Sectors,White,2017,141373
Baltimore City,All NAICS Sectors,Black or African American,2017,88433
Baltimore City,Support Activities for Water Transportation,All Races,2018,2854
Baltimore City,Support Activities for Water Transportation,Hispanic/ Latinx,2018,48
Baltimore City,Support Activities for Water Transportation,White,2018,1646
Baltimore City,Support Activities for Water Transportation,Black or African American,2018,1159
Baltimore City,Warehousing and Storage,All Races,2018,7278
Baltimore City,Warehousing and Storage,Hispanic/ Latinx,2018,433
Baltimore City,Warehousing and Storage,White,2018,2989
Baltimore City,Warehousing and Storage,Black or African American,2018,3582
Baltimore City,"Media Streaming Distribution Services, Social Networks, and Other Media Networks and Content Providers",All Races,2018,354
Baltimore City,"Media Streaming Distribution Services, Social Networks, and Other Media Networks and Content Providers",Hispanic/ Latinx,2018,11
Baltimore City,"Media Streaming Distribution Services, Social Networks, and Other Media Networks and Content Providers",White,2018,262
Baltimore City,"Media Streaming Distribution Services, Social Networks, and Other Media Networks and Content Providers",Black or African American,2018,74
Baltimore City,"Computing Infrastructure Providers, Data Processing, Web Hosting, and Related Services",All Races,2018,227
Baltimore City,"Computing Infrastructure Providers, Data Processing, Web Hosting, and Related Services",Hispanic/ Latinx,2018,11
Baltimore City,"Computing Infrastructure Providers, Data Processing, Web Hosting, and Related Services",White,2018,157
Baltimore City,"Computing Infrastructure Providers, Data Processing, Web Hosting, and Related Services",Black or African American,2018,53
Baltimore City,Computer Systems Design and Related Services,All Races,2018,2932
Baltimore City,Computer Systems Design and Related Services,Hispanic/ Latinx,2018,118
Baltimore City,Computer Systems Design and Related Services,White,2018,1867
Baltimore City,Computer Systems Design and Related Services,Black or African American,2018,521
Baltimore City,"Management, Scientific, and Technical Consulting Services",All Races,2018,3153
Baltimore City,"Management, Scientific, and Technical Consulting Services",Hispanic/ Latinx,2018,141
Baltimore City,"Management, Scientific, and Technical Consulting Services",White,2018,1985
Baltimore City,"Management, Scientific, and Technical Consulting Services",Black or African American,2018,719
Baltimore City,Scientific Research and Development Services,All Races,2018,1741
Baltimore City,Scientific Research and Development Services,Hispanic/ Latinx,2018,77
Baltimore City,Scientific Research and Development Services,White,2018,1190
Baltimore City,Scientific Research and Development Services,Black or African American,2018,291
Baltimore City,"Other Professional, Scientific, and Technical Services",All Races,2018,662
Baltimore City,"Other Professional, Scientific, and Technical Services",Hispanic/ Latinx,2018,25
Baltimore City,"Other Professional, Scientific, and Technical Services",White,2018,445
Baltimore City,"Other Professional, Scientific, and Technical Services",Black or African American,2018,169
Baltimore City,Performing Arts Companies,All Races,2018,467
Baltimore City,Performing Arts Companies,Hispanic/ Latinx,2018,20
Baltimore City,Performing Arts Companies,White,2018,324
Baltimore City,Performing Arts Companies,Black or African American,2018,102
Baltimore City,"Independent Artists, Writers, and Performers",All Races,2018,78
Baltimore City,"Independent Artists, Writers, and Performers",Hispanic/ Latinx,2018,0
Baltimore City,"Independent Artists, Writers, and Performers",White,2018,66
Baltimore City,"Independent Artists, Writers, and Performers",Black or African American,2018,8
Baltimore City,All NAICS Sectors,All Races,2018,252960
Baltimore City,All NAICS Sectors,Hispanic/ Latinx,2018,13143
Baltimore City,All NAICS Sectors,White,2018,140238
Baltimore City,All NAICS Sectors,White,2018,9966
Baltimore City,All NAICS Sectors,Black or African American,2018,89012
Baltimore City,Support Activities for Water Transportation,All Races,2019,3107
Baltimore City,Support Activities for Water Transportation,Hispanic/ Latinx,2019,52
Baltimore City,Support Activities for Water Transportation,White,2019,1731
Baltimore City,Support Activities for Water Transportation,Black or African American,2019,1317
Baltimore City,Warehousing and Storage,All Races,2019,6981
Baltimore City,Warehousing and Storage,Hispanic/ Latinx,2019,448
Baltimore City,Warehousing and Storage,White,2019,2320
Baltimore City,Warehousing and Storage,Black or African American,2019,4115
Baltimore City,"Media Streaming Distribution Services, Social Networks, and Other Media Networks and Content Providers",All Races,2019,349
Baltimore City,"Media Streaming Distribution Services, Social Networks, and Other Media Networks and Content Providers",Hispanic/ Latinx,2019,10
Baltimore City,"Media Streaming Distribution Services, Social Networks, and Other Media Networks and Content Providers",White,2019,256
Baltimore City,"Media Streaming Distribution Services, Social Networks, and Other Media Networks and Content Providers",Black or African American,2019,79
Baltimore City,"Computing Infrastructure Providers, Data Processing, Web Hosting, and Related Services",All Races,2019,237
Baltimore City,"Computing Infrastructure Providers, Data Processing, Web Hosting, and Related Services",Hispanic/ Latinx,2019,10
Baltimore City,"Computing Infrastructure Providers, Data Processing, Web Hosting, and Related Services",White,2019,166
Baltimore City,"Computing Infrastructure Providers, Data Processing, Web Hosting, and Related Services",Black or African American,2019,51
Baltimore City,Computer Systems Design and Related Services,All Races,2019,3136
Baltimore City,Computer Systems Design and Related Services,Hispanic/ Latinx,2019,124
Baltimore City,Computer Systems Design and Related Services,White,2019,2020
Baltimore City,Computer Systems Design and Related Services,Black or African American,2019,574
Baltimore City,"Management, Scientific, and Technical Consulting Services",All Races,2019,3654
Baltimore City,"Management, Scientific, and Technical Consulting Services",Hispanic/ Latinx,2019,173
Baltimore City,"Management, Scientific, and Technical Consulting Services",White,2019,2310
Baltimore City,"Management, Scientific, and Technical Consulting Services",Black or African American,2019,839
Baltimore City,Scientific Research and Development Services,All Races,2019,2307
Baltimore City,Scientific Research and Development Services,Hispanic/ Latinx,2019,120
Baltimore City,Scientific Research and Development Services,White,2019,1501
Baltimore City,Scientific Research and Development Services,Black or African American,2019,462
Baltimore City,"Other Professional, Scientific, and Technical Services",All Races,2019,714
Baltimore City,"Other Professional, Scientific, and Technical Services",Hispanic/ Latinx,2019,33
Baltimore City,"Other Professional, Scientific, and Technical Services",White,2019,479
Baltimore City,"Other Professional, Scientific, and Technical Services",Black or African American,2019,190
Baltimore City,Performing Arts Companies,All Races,2019,278
Baltimore City,Performing Arts Companies,Hispanic/ Latinx,2019,15
Baltimore City,Performing Arts Companies,White,2019,189
Baltimore City,Performing Arts Companies,Black or African American,2019,73
Baltimore City,"Independent Artists, Writers, and Performers",All Races,2019,91
Baltimore City,"Independent Artists, Writers, and Performers",Hispanic/ Latinx,2019,0
Baltimore City,"Independent Artists, Writers, and Performers",White,2019,77
Baltimore City,"Independent Artists, Writers, and Performers",Black or African American,2019,9
Baltimore City,All NAICS Sectors,All Races,2019,256435
Baltimore City,All NAICS Sectors,Hispanic/ Latinx,2019,13936
Baltimore City,All NAICS Sectors,White,2019,140854
Baltimore City,All NAICS Sectors,Black or African American,2019,91214
Baltimore City,All NAICS Sectors,All Races,2020,234830
Baltimore City,All NAICS Sectors,Hispanic/ Latinx,2020,13260
Baltimore City,Support Activities for Water Transportation,All Races,2020,2813
Baltimore City,Support Activities for Water Transportation,Hispanic/ Latinx,2020,55
Baltimore City,Support Activities for Water Transportation,White,2020,1528
Baltimore City,Support Activities for Water Transportation,Black or African American,2020,1230
Baltimore City,Warehousing and Storage,All Races,2020,8451
Baltimore City,Warehousing and Storage,Hispanic/ Latinx,2020,634
Baltimore City,Warehousing and Storage,White,2020,2964
Baltimore City,Warehousing and Storage,Black or African American,2020,4731
Baltimore City,"Media Streaming Distribution Services, Social Networks, and Other Media Networks and Content Providers",All Races,2020,331
Baltimore City,"Media Streaming Distribution Services, Social Networks, and Other Media Networks and Content Providers",Hispanic/ Latinx,2020,10
Baltimore City,"Media Streaming Distribution Services, Social Networks, and Other Media Networks and Content Providers",White,2020,245
Baltimore City,"Media Streaming Distribution Services, Social Networks, and Other Media Networks and Content Providers",Black or African American,2020,74
Baltimore City,"Computing Infrastructure Providers, Data Processing, Web Hosting, and Related Services",All Races,2020,202
Baltimore City,"Computing Infrastructure Providers, Data Processing, Web Hosting, and Related Services",Hispanic/ Latinx,2020,9
Baltimore City,"Computing Infrastructure Providers, Data Processing, Web Hosting, and Related Services",White,2020,146
Baltimore City,"Computing Infrastructure Providers, Data Processing, Web Hosting, and Related Services",Black or African American,2020,39
Baltimore City,Computer Systems Design and Related Services,All Races,2020,3143
Baltimore City,Computer Systems Design and Related Services,Hispanic/ Latinx,2020,120
Baltimore City,Computer Systems Design and Related Services,White,2020,1999
Baltimore City,Computer Systems Design and Related Services,Black or African American,2020,605
Baltimore City,"Management, Scientific, and Technical Consulting Services",All Races,2020,4126
Baltimore City,"Management, Scientific, and Technical Consulting Services",Hispanic/ Latinx,2020,194
Baltimore City,"Management, Scientific, and Technical Consulting Services",White,2020,2537
Baltimore City,"Management, Scientific, and Technical Consulting Services",Black or African American,2020,993
Baltimore City,Scientific Research and Development Services,All Races,2020,2432
Baltimore City,Scientific Research and Development Services,Hispanic/ Latinx,2020,143
Baltimore City,Scientific Research and Development Services,White,2020,1485
Baltimore City,Scientific Research and Development Services,Black or African American,2020,549
Baltimore City,"Other Professional, Scientific, and Technical Services",All Races,2020,612
Baltimore City,"Other Professional, Scientific, and Technical Services",Hispanic/ Latinx,2020,23
Baltimore City,"Other Professional, Scientific, and Technical Services",White,2020,427
Baltimore City,"Other Professional, Scientific, and Technical Services",Black or African American,2020,156
Baltimore City,Performing Arts Companies,All Races,2020,228
Baltimore City,Performing Arts Companies,Hispanic/ Latinx,2020,11
Baltimore City,Performing Arts Companies,White,2020,178
Baltimore City,Performing Arts Companies,Black or African American,2020,30
Baltimore City,"Independent Artists, Writers, and Performers",All Races,2020,64
Baltimore City,"Independent Artists, Writers, and Performers",White,2020,51
Baltimore City,"Independent Artists, Writers, and Performers",Black or African American,2020,9
,"Independent Artists, Writers, and Performers",Hispanic/ Latinx,2020,0
Baltimore City,All NAICS Sectors,White,2020,129947
Baltimore City,All NAICS Sectors,Black or African American,2020,81771
Baltimore City,Support Activities for Water Transportation,All Races,2021,3496
Baltimore City,Support Activities for Water Transportation,Hispanic/ Latinx,2021,74
Baltimore City,Support Activities for Water Transportation,White,2021,1989
Baltimore City,Support Activities for Water Transportation,Black or African American,2021,1431
Baltimore City,Warehousing and Storage,All Races,2021,916
Baltimore City,Warehousing and Storage,Hispanic/ Latinx,2021,43
Baltimore City,Warehousing and Storage,White,2021,555
Baltimore City,Warehousing and Storage,Black or African American,2021,313
Baltimore City,"Media Streaming Distribution Services, Social Networks, and Other Media Networks and Content Providers",All Races,2021,345
Baltimore City,"Media Streaming Distribution Services, Social Networks, and Other Media Networks and Content Providers",Hispanic/ Latinx,2021,11
Baltimore City,"Media Streaming Distribution Services, Social Networks, and Other Media Networks and Content Providers",White,2021,252
Baltimore City,"Media Streaming Distribution Services, Social Networks, and Other Media Networks and Content Providers",Black or African American,2021,80
Baltimore City,"Computing Infrastructure Providers, Data Processing, Web Hosting, and Related Services",All Races,2021,197
Baltimore City,"Computing Infrastructure Providers, Data Processing, Web Hosting, and Related Services",Hispanic/ Latinx,2021,10
Baltimore City,"Computing Infrastructure Providers, Data Processing, Web Hosting, and Related Services",White,2021,152
Baltimore City,"Computing Infrastructure Providers, Data Processing, Web Hosting, and Related Services",Black or African American,2021,20
Baltimore City,Computer Systems Design and Related Services,All Races,2021,3483
Baltimore City,Computer Systems Design and Related Services,Hispanic/ Latinx,2021,245
Baltimore City,Computer Systems Design and Related Services,White,2021,2108
Baltimore City,Computer Systems Design and Related Services,Black or African American,2021,861
Baltimore City,"Management, Scientific, and Technical Consulting Services",All Races,2021,2644
Baltimore City,"Management, Scientific, and Technical Consulting Services",Hispanic/ Latinx,2021,130
Baltimore City,"Management, Scientific, and Technical Consulting Services",White,2021,1756
Baltimore City,"Management, Scientific, and Technical Consulting Services",Black or African American,2021,634
Baltimore City,Scientific Research and Development Services,All Races,2021,2767
Baltimore City,Scientific Research and Development Services,Hispanic/ Latinx,2021,164
Baltimore City,Scientific Research and Development Services,White,2021,1605
Baltimore City,Scientific Research and Development Services,Black or African American,2021,686
Baltimore City,"Other Professional, Scientific, and Technical Services",All Races,2021,760
Baltimore City,"Other Professional, Scientific, and Technical Services",Hispanic/ Latinx,2021,52
Baltimore City,"Other Professional, Scientific, and Technical Services",White,2021,513
Baltimore City,"Other Professional, Scientific, and Technical Services",Black or African American,2021,188
Baltimore City,Performing Arts Companies,All Races,2021,410
Baltimore City,Performing Arts Companies,Hispanic/ Latinx,2021,22
Baltimore City,Performing Arts Companies,White,2021,274
Baltimore City,Performing Arts Companies,Black or African American,2021,96
Baltimore City,"Independent Artists, Writers, and Performers",All Races,2021,64
Baltimore City,"Independent Artists, Writers, and Performers",Hispanic/ Latinx,2021,0
Baltimore City,"Independent Artists, Writers, and Performers",White,2021,52
Baltimore City,"Independent Artists, Writers, and Performers",Black or African American,2021,10
Baltimore City,All NAICS Sectors,All Races,2021,229235
Baltimore City,All NAICS Sectors,Hispanic/ Latinx,2021,13517
Baltimore City,All NAICS Sectors,White,2021,127185
Baltimore City,All NAICS Sectors,Black or African American,2021,79327
